File Name,Label
00000.jpg,5
00001.jpg,0
00002.jpg,4
00003.jpg,1
00004.jpg,9
00005.jpg,2
00006.jpg,1
00007.jpg,3
00008.jpg,1
00009.jpg,4
00010.jpg,3
00011.jpg,5
00012.jpg,3
00013.jpg,6
00014.jpg,1
00015.jpg,7
00016.jpg,2
00017.jpg,8
00018.jpg,6
00019.jpg,9
00020.jpg,4
00021.jpg,0
00022.jpg,9
00023.jpg,1
00024.jpg,1
00025.jpg,2
00026.jpg,4
00027.jpg,3
00028.jpg,2
00029.jpg,7
00030.jpg,3
00031.jpg,8
00032.jpg,6
00033.jpg,9
00034.jpg,0
00035.jpg,5
00036.jpg,6
00037.jpg,0
00038.jpg,7
00039.jpg,6
00040.jpg,1
00041.jpg,8
00042.jpg,7
00043.jpg,9
00044.jpg,3
00045.jpg,9
00046.jpg,8
00047.jpg,5
00048.jpg,9
00049.jpg,3
00050.jpg,3
00051.jpg,0
00052.jpg,7
00053.jpg,4
00054.jpg,9
00055.jpg,8
00056.jpg,0
00057.jpg,9
00058.jpg,4
00059.jpg,1
00060.jpg,4
00061.jpg,4
00062.jpg,6
00063.jpg,0
00064.jpg,4
00065.jpg,5
00066.jpg,6
00067.jpg,1
00068.jpg,0
00069.jpg,0
00070.jpg,1
00071.jpg,7
00072.jpg,1
00073.jpg,6
00074.jpg,3
00075.jpg,0
00076.jpg,2
00077.jpg,1
00078.jpg,1
00079.jpg,7
00080.jpg,9
00081.jpg,0
00082.jpg,2
00083.jpg,6
00084.jpg,7
00085.jpg,8
00086.jpg,3
00087.jpg,9
00088.jpg,0
00089.jpg,4
00090.jpg,6
00091.jpg,7
00092.jpg,4
00093.jpg,6
00094.jpg,8
00095.jpg,0
00096.jpg,7
00097.jpg,8
00098.jpg,3
00099.jpg,1
00100.jpg,5
00101.jpg,7
00102.jpg,1
00103.jpg,7
00104.jpg,1
00105.jpg,1
00106.jpg,6
00107.jpg,3
00108.jpg,0
00109.jpg,2
00110.jpg,9
00111.jpg,3
00112.jpg,1
00113.jpg,1
00114.jpg,0
00115.jpg,4
00116.jpg,9
00117.jpg,2
00118.jpg,0
00119.jpg,0
00120.jpg,2
00121.jpg,0
00122.jpg,2
00123.jpg,7
00124.jpg,1
00125.jpg,8
00126.jpg,6
00127.jpg,4
00128.jpg,1
00129.jpg,6
00130.jpg,3
00131.jpg,4
00132.jpg,5
00133.jpg,9
00134.jpg,1
00135.jpg,3
00136.jpg,3
00137.jpg,8
00138.jpg,5
00139.jpg,4
00140.jpg,7
00141.jpg,7
00142.jpg,4
00143.jpg,2
00144.jpg,8
00145.jpg,5
00146.jpg,8
00147.jpg,6
00148.jpg,7
00149.jpg,3
00150.jpg,4
00151.jpg,6
00152.jpg,1
00153.jpg,9
00154.jpg,9
00155.jpg,6
00156.jpg,0
00157.jpg,3
00158.jpg,7
00159.jpg,2
00160.jpg,8
00161.jpg,2
00162.jpg,9
00163.jpg,4
00164.jpg,4
00165.jpg,6
00166.jpg,4
00167.jpg,9
00168.jpg,7
00169.jpg,0
00170.jpg,9
00171.jpg,2
00172.jpg,9
00173.jpg,5
00174.jpg,1
00175.jpg,5
00176.jpg,9
00177.jpg,1
00178.jpg,2
00179.jpg,3
00180.jpg,2
00181.jpg,3
00182.jpg,5
00183.jpg,9
00184.jpg,1
00185.jpg,7
00186.jpg,6
00187.jpg,2
00188.jpg,8
00189.jpg,2
00190.jpg,2
00191.jpg,5
00192.jpg,0
00193.jpg,7
00194.jpg,4
00195.jpg,9
00196.jpg,7
00197.jpg,8
00198.jpg,3
00199.jpg,2
00200.jpg,1
00201.jpg,1
00202.jpg,8
00203.jpg,3
00204.jpg,6
00205.jpg,1
00206.jpg,0
00207.jpg,3
00208.jpg,1
00209.jpg,0
00210.jpg,0
00211.jpg,1
00212.jpg,7
00213.jpg,2
00214.jpg,7
00215.jpg,3
00216.jpg,0
00217.jpg,4
00218.jpg,6
00219.jpg,5
00220.jpg,2
00221.jpg,6
00222.jpg,4
00223.jpg,7
00224.jpg,1
00225.jpg,8
00226.jpg,9
00227.jpg,9
00228.jpg,3
00229.jpg,0
00230.jpg,7
00231.jpg,1
00232.jpg,0
00233.jpg,2
00234.jpg,0
00235.jpg,3
00236.jpg,5
00237.jpg,4
00238.jpg,6
00239.jpg,5
00240.jpg,8
00241.jpg,6
00242.jpg,3
00243.jpg,7
00244.jpg,5
00245.jpg,8
00246.jpg,0
00247.jpg,9
00248.jpg,1
00249.jpg,0
00250.jpg,3
00251.jpg,1
00252.jpg,2
00253.jpg,2
00254.jpg,3
00255.jpg,3
00256.jpg,6
00257.jpg,4
00258.jpg,7
00259.jpg,5
00260.jpg,0
00261.jpg,6
00262.jpg,2
00263.jpg,7
00264.jpg,9
00265.jpg,8
00266.jpg,5
00267.jpg,9
00268.jpg,2
00269.jpg,1
00270.jpg,1
00271.jpg,4
00272.jpg,4
00273.jpg,5
00274.jpg,6
00275.jpg,4
00276.jpg,1
00277.jpg,2
00278.jpg,5
00279.jpg,3
00280.jpg,9
00281.jpg,3
00282.jpg,9
00283.jpg,0
00284.jpg,5
00285.jpg,9
00286.jpg,6
00287.jpg,5
00288.jpg,7
00289.jpg,4
00290.jpg,1
00291.jpg,3
00292.jpg,4
00293.jpg,0
00294.jpg,4
00295.jpg,8
00296.jpg,0
00297.jpg,4
00298.jpg,3
00299.jpg,6
00300.jpg,8
00301.jpg,7
00302.jpg,6
00303.jpg,0
00304.jpg,9
00305.jpg,7
00306.jpg,5
00307.jpg,7
00308.jpg,2
00309.jpg,1
00310.jpg,1
00311.jpg,6
00312.jpg,8
00313.jpg,9
00314.jpg,4
00315.jpg,1
00316.jpg,5
00317.jpg,2
00318.jpg,2
00319.jpg,9
00320.jpg,0
00321.jpg,3
00322.jpg,9
00323.jpg,6
00324.jpg,7
00325.jpg,2
00326.jpg,0
00327.jpg,3
00328.jpg,5
00329.jpg,4
00330.jpg,3
00331.jpg,6
00332.jpg,5
00333.jpg,8
00334.jpg,9
00335.jpg,5
00336.jpg,4
00337.jpg,7
00338.jpg,4
00339.jpg,2
00340.jpg,7
00341.jpg,3
00342.jpg,4
00343.jpg,8
00344.jpg,9
00345.jpg,1
00346.jpg,9
00347.jpg,2
00348.jpg,8
00349.jpg,7
00350.jpg,9
00351.jpg,1
00352.jpg,8
00353.jpg,7
00354.jpg,4
00355.jpg,1
00356.jpg,3
00357.jpg,1
00358.jpg,1
00359.jpg,0
00360.jpg,2
00361.jpg,3
00362.jpg,9
00363.jpg,4
00364.jpg,9
00365.jpg,2
00366.jpg,1
00367.jpg,6
00368.jpg,8
00369.jpg,4
00370.jpg,7
00371.jpg,7
00372.jpg,4
00373.jpg,4
00374.jpg,9
00375.jpg,2
00376.jpg,5
00377.jpg,7
00378.jpg,2
00379.jpg,4
00380.jpg,4
00381.jpg,2
00382.jpg,1
00383.jpg,9
00384.jpg,7
00385.jpg,2
00386.jpg,8
00387.jpg,7
00388.jpg,6
00389.jpg,9
00390.jpg,2
00391.jpg,2
00392.jpg,3
00393.jpg,8
00394.jpg,1
00395.jpg,6
00396.jpg,5
00397.jpg,1
00398.jpg,1
00399.jpg,0
00400.jpg,2
00401.jpg,6
00402.jpg,4
00403.jpg,5
00404.jpg,8
00405.jpg,3
00406.jpg,1
00407.jpg,5
00408.jpg,1
00409.jpg,9
00410.jpg,2
00411.jpg,7
00412.jpg,4
00413.jpg,4
00414.jpg,4
00415.jpg,8
00416.jpg,1
00417.jpg,5
00418.jpg,8
00419.jpg,9
00420.jpg,5
00421.jpg,6
00422.jpg,7
00423.jpg,9
00424.jpg,9
00425.jpg,3
00426.jpg,7
00427.jpg,0
00428.jpg,9
00429.jpg,0
00430.jpg,6
00431.jpg,6
00432.jpg,2
00433.jpg,3
00434.jpg,9
00435.jpg,0
00436.jpg,7
00437.jpg,5
00438.jpg,4
00439.jpg,8
00440.jpg,0
00441.jpg,9
00442.jpg,4
00443.jpg,1
00444.jpg,2
00445.jpg,8
00446.jpg,7
00447.jpg,1
00448.jpg,2
00449.jpg,6
00450.jpg,1
00451.jpg,0
00452.jpg,3
00453.jpg,0
00454.jpg,1
00455.jpg,1
00456.jpg,8
00457.jpg,2
00458.jpg,0
00459.jpg,3
00460.jpg,9
00461.jpg,4
00462.jpg,0
00463.jpg,5
00464.jpg,0
00465.jpg,6
00466.jpg,1
00467.jpg,7
00468.jpg,7
00469.jpg,8
00470.jpg,1
00471.jpg,9
00472.jpg,2
00473.jpg,0
00474.jpg,5
00475.jpg,1
00476.jpg,2
00477.jpg,2
00478.jpg,7
00479.jpg,3
00480.jpg,5
00481.jpg,4
00482.jpg,9
00483.jpg,7
00484.jpg,1
00485.jpg,8
00486.jpg,3
00487.jpg,9
00488.jpg,6
00489.jpg,0
00490.jpg,3
00491.jpg,1
00492.jpg,1
00493.jpg,2
00494.jpg,6
00495.jpg,3
00496.jpg,5
00497.jpg,7
00498.jpg,6
00499.jpg,8
00500.jpg,3
00501.jpg,9
00502.jpg,5
00503.jpg,8
00504.jpg,5
00505.jpg,7
00506.jpg,6
00507.jpg,1
00508.jpg,1
00509.jpg,3
00510.jpg,1
00511.jpg,7
00512.jpg,5
00513.jpg,5
00514.jpg,5
00515.jpg,2
00516.jpg,5
00517.jpg,8
00518.jpg,7
00519.jpg,0
00520.jpg,9
00521.jpg,7
00522.jpg,7
00523.jpg,5
00524.jpg,0
00525.jpg,9
00526.jpg,0
00527.jpg,0
00528.jpg,8
00529.jpg,9
00530.jpg,2
00531.jpg,4
00532.jpg,8
00533.jpg,1
00534.jpg,6
00535.jpg,1
00536.jpg,6
00537.jpg,5
00538.jpg,1
00539.jpg,8
00540.jpg,3
00541.jpg,4
00542.jpg,0
00543.jpg,5
00544.jpg,5
00545.jpg,8
00546.jpg,3
00547.jpg,6
00548.jpg,2
00549.jpg,3
00550.jpg,9
00551.jpg,2
00552.jpg,1
00553.jpg,1
00554.jpg,5
00555.jpg,2
00556.jpg,1
00557.jpg,3
00558.jpg,2
00559.jpg,8
00560.jpg,7
00561.jpg,3
00562.jpg,7
00563.jpg,2
00564.jpg,4
00565.jpg,6
00566.jpg,9
00567.jpg,7
00568.jpg,2
00569.jpg,4
00570.jpg,2
00571.jpg,8
00572.jpg,1
00573.jpg,1
00574.jpg,3
00575.jpg,8
00576.jpg,4
00577.jpg,0
00578.jpg,6
00579.jpg,5
00580.jpg,9
00581.jpg,3
00582.jpg,0
00583.jpg,9
00584.jpg,2
00585.jpg,4
00586.jpg,7
00587.jpg,1
00588.jpg,2
00589.jpg,9
00590.jpg,4
00591.jpg,2
00592.jpg,6
00593.jpg,1
00594.jpg,8
00595.jpg,9
00596.jpg,0
00597.jpg,6
00598.jpg,6
00599.jpg,7
00600.jpg,9
00601.jpg,9
00602.jpg,8
00603.jpg,0
00604.jpg,1
00605.jpg,4
00606.jpg,4
00607.jpg,6
00608.jpg,7
00609.jpg,1
00610.jpg,5
00611.jpg,7
00612.jpg,0
00613.jpg,3
00614.jpg,5
00615.jpg,8
00616.jpg,4
00617.jpg,7
00618.jpg,1
00619.jpg,2
00620.jpg,5
00621.jpg,9
00622.jpg,5
00623.jpg,6
00624.jpg,7
00625.jpg,5
00626.jpg,9
00627.jpg,8
00628.jpg,8
00629.jpg,3
00630.jpg,6
00631.jpg,9
00632.jpg,7
00633.jpg,0
00634.jpg,7
00635.jpg,5
00636.jpg,7
00637.jpg,1
00638.jpg,1
00639.jpg,0
00640.jpg,7
00641.jpg,9
00642.jpg,2
00643.jpg,3
00644.jpg,7
00645.jpg,3
00646.jpg,2
00647.jpg,4
00648.jpg,1
00649.jpg,6
00650.jpg,2
00651.jpg,7
00652.jpg,5
00653.jpg,5
00654.jpg,7
00655.jpg,4
00656.jpg,0
00657.jpg,2
00658.jpg,6
00659.jpg,3
00660.jpg,6
00661.jpg,4
00662.jpg,0
00663.jpg,4
00664.jpg,2
00665.jpg,6
00666.jpg,0
00667.jpg,0
00668.jpg,0
00669.jpg,0
00670.jpg,3
00671.jpg,1
00672.jpg,6
00673.jpg,2
00674.jpg,2
00675.jpg,3
00676.jpg,1
00677.jpg,4
00678.jpg,1
00679.jpg,5
00680.jpg,4
00681.jpg,6
00682.jpg,4
00683.jpg,7
00684.jpg,2
00685.jpg,8
00686.jpg,7
00687.jpg,9
00688.jpg,2
00689.jpg,0
00690.jpg,5
00691.jpg,1
00692.jpg,4
00693.jpg,2
00694.jpg,8
00695.jpg,3
00696.jpg,2
00697.jpg,4
00698.jpg,1
00699.jpg,5